epoch,train_loss,eval_loss,eval_top1,eval_top5
0,2.2389819667830815,1.802734375,37.37,88.61
1,2.120550369483713,1.5628859375,45.64,92.35
