epoch,train_loss,eval_loss,eval_top1,eval_top5
0,0.6959603306574699,0.6644296875,61.2,100.0
1,0.6666548722065412,0.617421875,70.1625,100.0
2,0.6202564335022217,0.56067578125,73.9375,100.0
3,0.5859423337074426,0.5236015625,74.9875,100.0
4,0.5790061809313602,0.530078125,75.0,100.0
5,0.579058588315279,0.511640625,74.9625,100.0
6,0.5766424601658796,0.51490625,74.875,100.0
