epoch,train_loss,eval_loss,eval_top1,eval_top5
0,2.2902442577557687,2.0422109375,30.89,83.0
1,2.1723784373356745,1.7893296875,37.02,87.72
2,2.124961700806251,1.6771359375,43.09,90.1
3,2.059711046096606,1.5529390625,45.81,92.32
4,2.0416239622311716,1.4452609375,50.87,93.55
5,2.0085069295687554,1.3623125,53.76,94.63
6,1.9883581314331447,1.31930625,56.47,94.95
